-- DialCore Seed Data
INSERT INTO tenants (id, name, slug) VALUES
    ('11111111-1111-1111-1111-111111111111', 'Acme Call Center', 'acme');

INSERT INTO skills (id, tenant_id, name, category) VALUES
    ('aaaaaaaa-0001-0001-0001-000000000001', '11111111-1111-1111-1111-111111111111', 'english',   'language'),
    ('aaaaaaaa-0001-0001-0001-000000000002', '11111111-1111-1111-1111-111111111111', 'spanish',   'language'),
    ('aaaaaaaa-0001-0001-0001-000000000003', '11111111-1111-1111-1111-111111111111', 'billing',   'domain'),
    ('aaaaaaaa-0001-0001-0001-000000000004', '11111111-1111-1111-1111-111111111111', 'technical', 'domain'),
    ('aaaaaaaa-0001-0001-0001-000000000005', '11111111-1111-1111-1111-111111111111', 'sales',     'domain');

INSERT INTO agents (id, tenant_id, username, display_name, email, extension) VALUES
    ('22222222-0001-0001-0001-000000000001', '11111111-1111-1111-1111-111111111111', 'alice',   'Alice Johnson', 'alice@acme.io',  '1001'),
    ('22222222-0001-0001-0001-000000000002', '11111111-1111-1111-1111-111111111111', 'bob',     'Bob Smith',     'bob@acme.io',    '1002'),
    ('22222222-0001-0001-0001-000000000003', '11111111-1111-1111-1111-111111111111', 'carol',   'Carol Davis',   'carol@acme.io',  '1003'),
    ('22222222-0001-0001-0001-000000000004', '11111111-1111-1111-1111-111111111111', 'david',   'David Lee',     'david@acme.io',  '1004'),
    ('22222222-0001-0001-0001-000000000005', '11111111-1111-1111-1111-111111111111', 'eva',     'Eva Martinez',  'eva@acme.io',    '1005');

INSERT INTO agent_skills (agent_id, tenant_id, skill_id, proficiency) VALUES
    ('22222222-0001-0001-0001-000000000001','11111111-1111-1111-1111-111111111111','aaaaaaaa-0001-0001-0001-000000000001',9),
    ('22222222-0001-0001-0001-000000000001','11111111-1111-1111-1111-111111111111','aaaaaaaa-0001-0001-0001-000000000003',8),
    ('22222222-0001-0001-0001-000000000002','11111111-1111-1111-1111-111111111111','aaaaaaaa-0001-0001-0001-000000000001',7),
    ('22222222-0001-0001-0001-000000000002','11111111-1111-1111-1111-111111111111','aaaaaaaa-0001-0001-0001-000000000005',9),
    ('22222222-0001-0001-0001-000000000003','11111111-1111-1111-1111-111111111111','aaaaaaaa-0001-0001-0001-000000000002',10),
    ('22222222-0001-0001-0001-000000000004','11111111-1111-1111-1111-111111111111','aaaaaaaa-0001-0001-0001-000000000004',10),
    ('22222222-0001-0001-0001-000000000005','11111111-1111-1111-1111-111111111111','aaaaaaaa-0001-0001-0001-000000000005',9);

INSERT INTO sip_trunks (id, tenant_id, name, proxy_host, username, auth_password, max_concurrent_calls, priority) VALUES
    ('33333333-0001-0001-0001-000000000001','11111111-1111-1111-1111-111111111111','Primary Trunk',  'sip.carrier1.com','user1','REPLACE_ME',50,10),
    ('33333333-0001-0001-0001-000000000002','11111111-1111-1111-1111-111111111111','Failover Trunk', 'sip.carrier2.com','user2','REPLACE_ME',30,5);

INSERT INTO trunk_lcr_rules (trunk_id, number_prefix, cost_per_minute) VALUES
    ('33333333-0001-0001-0001-000000000001','+1',0.0050),
    ('33333333-0001-0001-0001-000000000002','+1',0.0065);

INSERT INTO queues (id, tenant_id, name, required_skills, strategy, sla_target_s) VALUES
    ('44444444-0001-0001-0001-000000000001','11111111-1111-1111-1111-111111111111','General Support', '["english"]',         'BEST_SKILL',20),
    ('44444444-0001-0001-0001-000000000002','11111111-1111-1111-1111-111111111111','Spanish Support', '["spanish"]',         'BEST_SKILL',20),
    ('44444444-0001-0001-0001-000000000003','11111111-1111-1111-1111-111111111111','Tech Support',    '["technical"]',       'BEST_SKILL',30);

INSERT INTO campaigns (id, tenant_id, name, dialing_mode, caller_id, trunk_id, status) VALUES
    ('55555555-0001-0001-0001-000000000001','11111111-1111-1111-1111-111111111111','Q2 Outbound Sales','PROGRESSIVE','+18005551234','33333333-0001-0001-0001-000000000001','DRAFT'),
    ('55555555-0001-0001-0001-000000000002','11111111-1111-1111-1111-111111111111','Collections Apr', 'PREDICTIVE', '+18005555678','33333333-0001-0001-0001-000000000001','DRAFT');

INSERT INTO disposition_codes (tenant_id, campaign_id, label, code, requires_callback, dnc_flag, sort_order) VALUES
    ('11111111-1111-1111-1111-111111111111','55555555-0001-0001-0001-000000000001','Interested',     'INTERESTED',     false,false,1),
    ('11111111-1111-1111-1111-111111111111','55555555-0001-0001-0001-000000000001','Not Interested', 'NOT_INTERESTED', false,false,2),
    ('11111111-1111-1111-1111-111111111111','55555555-0001-0001-0001-000000000001','Callback',       'CALLBACK',       true, false,3),
    ('11111111-1111-1111-1111-111111111111','55555555-0001-0001-0001-000000000001','No Answer',      'NO_ANSWER',      false,false,4),
    ('11111111-1111-1111-1111-111111111111','55555555-0001-0001-0001-000000000001','Voicemail',      'VOICEMAIL',      false,false,5),
    ('11111111-1111-1111-1111-111111111111','55555555-0001-0001-0001-000000000001','Wrong Number',   'WRONG_NUMBER',   false,false,6),
    ('11111111-1111-1111-1111-111111111111','55555555-0001-0001-0001-000000000001','Do Not Call',    'DNC',            false,true, 7),
    ('11111111-1111-1111-1111-111111111111','55555555-0001-0001-0001-000000000001','Sale Closed',    'SALE_CLOSED',    false,false,8);

INSERT INTO dnc_lists (id, tenant_id, name, source_type) VALUES
    ('66666666-0001-0001-0001-000000000001','11111111-1111-1111-1111-111111111111','Internal DNC','INTERNAL');

INSERT INTO dnc_numbers (tenant_id, phone_e164, source, list_id) VALUES
    ('11111111-1111-1111-1111-111111111111','+15550000001','INTERNAL','66666666-0001-0001-0001-000000000001'),
    ('11111111-1111-1111-1111-111111111111','+15550000002','INTERNAL','66666666-0001-0001-0001-000000000001'),
    ('11111111-1111-1111-1111-111111111111','+15550000003','INTERNAL','66666666-0001-0001-0001-000000000001');

INSERT INTO contacts (tenant_id, phone_e164, first_name, last_name, timezone) VALUES
    ('11111111-1111-1111-1111-111111111111','+14155550001','James',   'Wilson',   'America/New_York'),
    ('11111111-1111-1111-1111-111111111111','+14155550002','Sarah',   'Johnson',  'America/Chicago'),
    ('11111111-1111-1111-1111-111111111111','+14155550003','Michael', 'Brown',    'America/Los_Angeles'),
    ('11111111-1111-1111-1111-111111111111','+14155550004','Emily',   'Davis',    'America/Denver'),
    ('11111111-1111-1111-1111-111111111111','+14155550005','Daniel',  'Martinez', 'America/New_York'),
    ('11111111-1111-1111-1111-111111111111','+14155550006','Jessica', 'Anderson', 'America/Chicago'),
    ('11111111-1111-1111-1111-111111111111','+14155550007','David',   'Taylor',   'America/Los_Angeles'),
    ('11111111-1111-1111-1111-111111111111','+14155550008','Ashley',  'Thomas',   'America/New_York'),
    ('11111111-1111-1111-1111-111111111111','+14155550009','Chris',   'Jackson',  'America/Phoenix'),
    ('11111111-1111-1111-1111-111111111111','+14155550010','Amanda',  'White',    'America/New_York');
